url,°ø°¨,´ñ±Û
https://blog.naver.com/oia_87/222416211008,2,1
https://blog.naver.com/kwija99/222410071120,29,8
https://blog.naver.com/goeun061133/222414029672,35,8
https://blog.naver.com/jjw3493/222411687993,1,1
https://blog.naver.com/kkskyg0514/222418167782,75,0
https://blog.naver.com/frankly8567/222410280596,4,0
https://blog.naver.com/yaki07/222416917352,15,3
https://blog.naver.com/tjxowl007/222413884701,12,1
https://blog.naver.com/duswn87102/222418048140,1,0
https://blog.naver.com/hwan64288/222418200049,3,1
https://blog.naver.com/sylove7100/222505774660,45,8
https://blog.naver.com/sein1008/222505652105,4,0
https://blog.naver.com/cyber3578/222504213827,4,1
https://blog.naver.com/maras09/222505681921,0,0
https://blog.naver.com/gangsso/222504705194,17,20
https://blog.naver.com/zymeen/222505689157,2,0
https://blog.naver.com/duadlswk90/222505392964,4,0
https://blog.naver.com/acewinner82/222506277653,8,6
https://blog.naver.com/uki02/222497251758,14,4
https://blog.naver.com/hyehun15/222500798684,16,0
https://blog.naver.com/parkchw333/222503625419,5,2
https://blog.naver.com/lillijy00/222496685734,37,0
https://blog.naver.com/leemonpai/222505841586,24,15
https://blog.naver.com/clamsh/222498445352,3,2
https://blog.naver.com/dannyelf/222501309072,18,14
https://blog.naver.com/chssha86/222501696750,6,2
https://blog.naver.com/lorenak/222499561063,51,23
https://blog.naver.com/zoo0987/222503679359,38,12
https://blog.naver.com/hananyo/222497206180,16,3
https://blog.naver.com/borather/222505655421,0,0
https://blog.naver.com/yule2908298/222446408938,14,10
https://blog.naver.com/tbtb--8282/222442748924,27,33
https://blog.naver.com/genie1224_/222447922984,12,8
https://blog.naver.com/kimsessm/222440749895,34,18
https://blog.naver.com/dbsgml1324/222441166423,22,15
https://blog.naver.com/red-head/222447882098,5,2
https://blog.naver.com/happyandante/222447814075,15,9
https://blog.naver.com/sin_a88/222438810055,25,22
https://blog.naver.com/arm_ing/222447566850,8,2
https://blog.naver.com/hyein_hi7/222447863045,5,0
https://blog.naver.com/ya824ya/222419720925,7,2
https://blog.naver.com/puhahoho/222425963413,3,2
https://blog.naver.com/hyeji925/222420626924,20,8
https://blog.naver.com/hhh050908/222428089925,56,5
https://blog.naver.com/lovesin03/222426779945,15,0
https://blog.naver.com/avvvv3/222426268736,7,2
https://blog.naver.com/tnwls670/222416843046,17,37
https://blog.naver.com/thrkfl61/222427371766,1,0
https://blog.naver.com/ahapc1004/222421845946,41,2
https://blog.naver.com/cyaflower/222415917108,35,4
https://blog.naver.com/hoona000/222567995994,10,4
https://blog.naver.com/dkflsk78/222565550909,98,22
https://blog.naver.com/diacl82/222568001019,20,9
https://blog.naver.com/ssainpens/222568074684,25,19
https://blog.naver.com/hjungeun27/222566570245,8,1
https://blog.naver.com/dpfladl10/222563036734,11,2
https://blog.naver.com/ceao_o/222559745216,18,0
https://blog.naver.com/malahalo/222570383384,4,0
https://blog.naver.com/andoo7/222561835524,28,19
https://blog.naver.com/nyang2ne/222565710657,37,38
https://blog.naver.com/iseogo/222566562158,10,6
https://blog.naver.com/gfewa/222568095607,24,7
https://blog.naver.com/rnwnfud/222565876215,51,39
https://blog.naver.com/cutei77/222564864963,8,3
https://blog.naver.com/wayhelter/222568173186,13,4
http://blog.naver.com/ssodooi/222567112814,15,10
https://blog.naver.com/foodgarden/222567632461,11,4
https://blog.naver.com/2626001_/222564338851,11,1
https://blog.naver.com/csar/222567331243,2,2
